<?xml version="1.0" encoding="UTF-8"?>
<project-private xmlns="http://www.netbeans.org/ns/project-private/1">
    <editor-bookmarks xmlns="http://www.netbeans.org/ns/editor-bookmarks/2" lastBookmarkId="0"/>
    <open-files xmlns="http://www.netbeans.org/ns/projectui-open-files/2">
        <group>
            <file>file:/C:/Users/sketc/Documents/Hackathon/Hackathon_2016/src/Screen.java</file>
            <file>file:/C:/Users/sketc/Documents/Hackathon/Hackathon_2016/src/Quiz.java</file>
            <file>file:/C:/Users/sketc/Documents/Hackathon/Hackathon_2016/src/QuizModel.java</file>
            <file>file:/C:/Users/sketc/Documents/Hackathon/Hackathon_2016/src/Slash.java</file>
            <file>file:/C:/Users/sketc/Documents/Hackathon/Hackathon_2016/src/QuizLauncher.java</file>
            <file>file:/C:/Users/sketc/Documents/Hackathon/Hackathon_2016/src/Result.java</file>
        </group>
    </open-files>
</project-private>
